INSERT INTO Nutzer(Email, Vorname, Nachname, Passwort)
VALUES('schueler1@web.de', 'schueler1vorname', 'schueler1nachname', 'schueL3r1passw0rt');
INSERT INTO Nutzer(Email, Vorname, Nachname, Passwort)
VALUES('schueler2@web.de', 'schueler2vorname', 'schueler2nachname', 'schueL3r2passw0rt');
INSERT INTO Nutzer(Email, Vorname, Nachname, Passwort)
VALUES('schueler3@web.de', 'schueler3vorname', 'schueler3nachname', 'schueLer3passw0rt');
INSERT INTO Nutzer(Email, Vorname, Nachname, Passwort)
VALUES('schueler4@web.de', 'schueler4vorname', 'schueler4nachname', 'schueLer4passw0rt');
INSERT INTO Nutzer(Email, Vorname, Nachname, Passwort)
VALUES('schueler5@web.de', 'schueler5vorname', 'schueler5nachname', 'schueLer5passw0rt');
INSERT INTO Nutzer(Email, Vorname, Nachname, Passwort)
VALUES('schueler6@web.de', 'schueler6vorname', 'schueler6nachname', 'schueLer6passw0rt');
INSERT INTO Nutzer(Email, Vorname, Nachname, Passwort)
VALUES('schueler7@web.de', 'schueler7vorname', 'schueler7nachname', 'schueLer7passw0rt');
INSERT INTO Nutzer(Email, Vorname, Nachname, Passwort)
VALUES('schueler8@web.de', 'schueler8vorname', 'Mueller', 'schueLer8passw0rt');
INSERT INTO Nutzer(Email, Vorname, Nachname, Passwort)
VALUES('schueler9@web.de', 'schueler9vorname', 'Mueller', 'schueLer9passw0rt');
INSERT INTO Nutzer(Email, Vorname, Nachname, Passwort)
VALUES('schueler10@web.de', 'schueler10vorname', 'Mueller', 'schueLer1z0passwort');
INSERT INTO Nutzer(Email, Vorname, Nachname, Passwort)
VALUES('schueler11@web.de', 'schueler11vorname', 'Mueller', 'schueLer1z1passwort');
INSERT INTO Nutzer(Email, Vorname, Nachname, Passwort)
VALUES('schueler12@web.de', 'schueler12vorname', 'Mueller', 'schueLer1z2passwort');
INSERT INTO Nutzer(Email, Vorname, Nachname, Passwort)
VALUES('schueler13@web.de', 'schueler13vorname', 'Mueller', 'schueLer1z3passwort');
INSERT INTO Nutzer(Email, Vorname, Nachname, Passwort)
VALUES('fahrlehrer1@web.de', 'fahrlehrer1vorname', 'fahrlehrer1nachname', 'fahrL3hrer1passwort');
INSERT INTO Nutzer(Email, Vorname, Nachname, Passwort)
VALUES('fahrlehrer2@web.de', 'fahrlehrer2vorname', 'fahrlehrer2nachname', 'fahrL3hrer2passwort');
INSERT INTO Nutzer(Email, Vorname, Nachname, Passwort)
VALUES('fahrlehrer3@web.de', 'fahrlehrer3vorname', 'fahrlehrer3nachname', 'fahrL3hrer3passwort');
INSERT INTO Nutzer(Email, Vorname, Nachname, Passwort)
VALUES('fahrlehrer4@web.de', 'fahrlehrer4vorname', 'fahrlehrer4nachname', 'fahrL3hrer4passwort');
INSERT INTO Nutzer(Email, Vorname, Nachname, Passwort)
VALUES('fahrlehrer5@web.de', 'fahrlehrer5vorname', 'fahrlehrer5nachname', 'fahrL3hrer5passwort');
INSERT INTO Nutzer(Email, Vorname, Nachname, Passwort)
VALUES('fahrlehrer6@web.de', 'fahrlehrer6vorname', 'fahrlehrer6nachname', 'fahrL3hrer6passwort');
INSERT INTO Nutzer(Email, Vorname, Nachname, Passwort)
VALUES('fahrlehrer7@web.de', 'fahrlehrer7vorname', 'fahrlehrer7nachname', 'fahrL3hrer7passwort');
INSERT INTO Nutzer(Email, Vorname, Nachname, Passwort)
VALUES('admin1@web.de', 'admin1vorname', 'admin1nachname', 'admin1p4Sswort');
INSERT INTO Nutzer(Email, Vorname, Nachname, Passwort)
VALUES('admin2@web.de', 'admin2vorname', 'admin2nachname', 'admin2p4Sswort');
INSERT INTO Nutzer(Email, Vorname, Nachname, Passwort)
VALUES('admin3@web.de', 'admin3vorname', 'admin3nachname', 'admin3p4Sswort');




INSERT INTO Adresse(AdressID, Stadt, PLZ, Strasse, Hausnummer)
VALUES(1, 'Neuss', '41468', 'Strasse 1', '1');
INSERT INTO Adresse(AdressID, Stadt, PLZ, Strasse, Hausnummer)
VALUES(2, 'Neuss', '41468', 'Strasse 2', '2');
INSERT INTO Adresse(AdressID, Stadt, PLZ, Strasse, Hausnummer)
VALUES(3, 'Neuss', '41468', 'Strasse 3', '3');



INSERT INTO Schueler(Email, Geschlecht, AdressID)
VALUES('schueler1@web.de', 'm', 1);
INSERT INTO Schueler(Email, Geschlecht, AdressID)
VALUES('schueler2@web.de', 'd', 2);
INSERT INTO Schueler(Email, Geschlecht, AdressID)
VALUES('schueler3@web.de', 'w', 3);
INSERT INTO Schueler(Email, Geschlecht, AdressID)
VALUES('schueler4@web.de', 'w', 3);
INSERT INTO Schueler(Email, Geschlecht, AdressID)
VALUES('schueler5@web.de', 'w', 3);
INSERT INTO Schueler(Email, Geschlecht, AdressID)
VALUES('schueler6@web.de', 'w', 3);
INSERT INTO Schueler(Email, Geschlecht, AdressID)
VALUES('schueler7@web.de', 'w', 3);
INSERT INTO Schueler(Email, Geschlecht, AdressID)
VALUES('schueler8@web.de', 'w', 3);
INSERT INTO Schueler(Email, Geschlecht, AdressID)
VALUES('schueler9@web.de', 'w', 3);
INSERT INTO Schueler(Email, Geschlecht, AdressID)
VALUES('schueler10@web.de', 'w', 3);
INSERT INTO Schueler(Email, Geschlecht, AdressID)
VALUES('schueler11@web.de', 'w', 3);
INSERT INTO Schueler(Email, Geschlecht, AdressID)
VALUES('schueler12@web.de', 'w', 3);
INSERT INTO Schueler(Email, Geschlecht, AdressID)
VALUES('schueler13@web.de', 'w', 3);




INSERT INTO Fahrlehrer(Email, Erstlizenzdatum)
VALUES('fahrlehrer1@web.de', '2011-06-12 00:00:00');
INSERT INTO Fahrlehrer(Email, Erstlizenzdatum)
VALUES('fahrlehrer2@web.de', '2012-06-12 00:00:00');
INSERT INTO Fahrlehrer(Email, Erstlizenzdatum)
VALUES('fahrlehrer3@web.de', '2013-06-12 00:00:00');
INSERT INTO Fahrlehrer(Email, Erstlizenzdatum)
VALUES('fahrlehrer4@web.de', '2014-06-12 00:00:00');
INSERT INTO Fahrlehrer(Email, Erstlizenzdatum)
VALUES('fahrlehrer5@web.de', '2015-06-12 00:00:00');
INSERT INTO Fahrlehrer(Email, Erstlizenzdatum)
VALUES('fahrlehrer6@web.de', '2016-06-12 00:00:00');
INSERT INTO Fahrlehrer(Email, Erstlizenzdatum)
VALUES('fahrlehrer7@web.de', '2017-06-12 00:00:00');






INSERT INTO Fuehrerschein(FuehrerscheinID, Ausstelldatum, Gueltig_bis, Email)
VALUES(1, '2001-01-01 11:11:11', '2011-01-01 11:11:11', 'schueler1@web.de');
INSERT INTO Fuehrerschein(FuehrerscheinID, Ausstelldatum, Gueltig_bis, Email)
VALUES(2, '2002-02-02 22:22:22', '2022-02-02 22:22:22', 'schueler2@web.de');
INSERT INTO Fuehrerschein(FuehrerscheinID, Ausstelldatum, Gueltig_bis, Email)
VALUES(3, '2003-03-03 23:33:33', '2033-03-03 23:33:33', 'schueler3@web.de');



INSERT INTO Verwalter(Email, Telefonnummer)
VALUES('admin1@web.de', 111111);
INSERT INTO Verwalter(Email, Telefonnummer)
VALUES('admin2@web.de', 222222);
INSERT INTO Verwalter(Email, Telefonnummer)
VALUES('admin3@web.de', 333333);



INSERT INTO Oeffnungszeit(OeffnungszeitID, Werktag, Von, Bis)
VALUES(1, 'Montag', '08:00:00', '16:00:00');
INSERT INTO Oeffnungszeit(OeffnungszeitID, Werktag, Von, Bis)
VALUES(2, 'Dienstag', '09:00:00', '17:00:00');
INSERT INTO Oeffnungszeit(OeffnungszeitID, Werktag, Von, Bis)
VALUES(3, 'Mittwoch', '10:00:00', '18:00:00');



INSERT INTO Fahrzeugklasse(Fahrzeugklasse_Bezeichnung)
VALUES('A1');
INSERT INTO Fahrzeugklasse(Fahrzeugklasse_Bezeichnung)
VALUES('A2');



INSERT INTO Fahrschule(Email, Website, Fahrschul_Bezeichnung, AdressID, Adminemail)
VALUES('fahrschule1@web.de', 'https://fahrschule1.de', 'Bezeichnung 1', 1, 'admin1@web.de');
INSERT INTO Fahrschule(Email, Website, Fahrschul_Bezeichnung, AdressID, Adminemail)
VALUES('fahrschule2@web.de', 'https://fahrschule2.de', 'Bezeichnung 2', 2, 'admin2@web.de');
INSERT INTO Fahrschule(Email, Website, Fahrschul_Bezeichnung, AdressID, Adminemail)
VALUES('fahrschule3@web.de', 'https://fahrschule3.de', 'Bezeichnung 3', 3, 'admin3@web.de');



INSERT INTO oeffnet_an(OeffnungszeitID, Email)
VALUES(1, 'fahrschule1@web.de');
INSERT INTO oeffnet_an(OeffnungszeitID, Email)
VALUES(2, 'fahrschule2@web.de');
INSERT INTO oeffnet_an(OeffnungszeitID, Email)
VALUES(3, 'fahrschule3@web.de');



INSERT INTO Fahrstunde(FahrstundeID, Typ, Dauer, Preis, Schueleremail, Fahrlehreremail, Fahrschulemail)
VALUES(1, 'Autobahn', 90, 30.99, 'schueler1@web.de', 'fahrlehrer1@web.de', 'fahrschule1@web.de');
INSERT INTO Fahrstunde(FahrstundeID, Typ, Dauer, Preis, Schueleremail, Fahrlehreremail, Fahrschulemail)
VALUES(2, 'Innenstadt', 45, 15, 'schueler2@web.de', 'fahrlehrer2@web.de', 'fahrschule2@web.de');
INSERT INTO Fahrstunde(FahrstundeID, Typ, Dauer, Preis, Schueleremail, Fahrlehreremail, Fahrschulemail)
VALUES(3, 'Landstrasse', 45, 30, 'schueler3@web.de', 'fahrlehrer3@web.de', 'fahrschule3@web.de');
INSERT INTO Fahrstunde(FahrstundeID, Typ, Dauer, Preis, Schueleremail, Fahrlehreremail, Fahrschulemail)
VALUES(4, 'Autobahn', 90, 30, 'schueler4@web.de', 'fahrlehrer7@web.de', 'fahrschule1@web.de');
INSERT INTO Fahrstunde(FahrstundeID, Typ, Dauer, Preis, Schueleremail, Fahrlehreremail, Fahrschulemail)
VALUES(5, 'Autobahn', 90, 30, 'schueler1@web.de', 'fahrlehrer1@web.de', 'fahrschule1@web.de');
INSERT INTO Fahrstunde(FahrstundeID, Typ, Dauer, Preis, Schueleremail, Fahrlehreremail, Fahrschulemail)
VALUES(6, 'Autobahn', 90, 30, 'schueler1@web.de', 'fahrlehrer6@web.de', 'fahrschule1@web.de');
INSERT INTO Fahrstunde(FahrstundeID, Typ, Dauer, Preis, Schueleremail, Fahrlehreremail, Fahrschulemail)
VALUES(7, 'Autobahn', 90, 30, 'schueler4@web.de', 'fahrlehrer6@web.de', 'fahrschule1@web.de');
INSERT INTO Fahrstunde(FahrstundeID, Typ, Dauer, Preis, Schueleremail, Fahrlehreremail, Fahrschulemail)
VALUES(8, 'Autobahn', 90, 30, 'schueler4@web.de', 'fahrlehrer5@web.de', 'fahrschule1@web.de');
INSERT INTO Fahrstunde(FahrstundeID, Typ, Dauer, Preis, Schueleremail, Fahrlehreremail, Fahrschulemail)
VALUES(9, 'Autobahn', 90, 30, 'schueler1@web.de', 'fahrlehrer5@web.de', 'fahrschule1@web.de');
INSERT INTO Fahrstunde(FahrstundeID, Typ, Dauer, Preis, Schueleremail, Fahrlehreremail, Fahrschulemail)
VALUES(10, 'Autobahn', 90, 30, 'schueler4@web.de', 'fahrlehrer6@web.de', 'fahrschule1@web.de');
INSERT INTO Fahrstunde(FahrstundeID, Typ, Dauer, Preis, Schueleremail, Fahrlehreremail, Fahrschulemail)
VALUES(11, 'Autobahn', 90, 30, 'schueler1@web.de', 'fahrlehrer6@web.de', 'fahrschule1@web.de');
INSERT INTO Fahrstunde(FahrstundeID, Typ, Dauer, Preis, Schueleremail, Fahrlehreremail, Fahrschulemail)
VALUES(12, 'Autobahn', 90, 30, 'schueler1@web.de', 'fahrlehrer3@web.de', 'fahrschule1@web.de');
INSERT INTO Fahrstunde(FahrstundeID, Typ, Dauer, Preis, Schueleremail, Fahrlehreremail, Fahrschulemail)
VALUES(13, 'Autobahn', 90, 30, 'schueler1@web.de', 'fahrlehrer3@web.de', 'fahrschule1@web.de');
INSERT INTO Fahrstunde(FahrstundeID, Typ, Dauer, Preis, Schueleremail, Fahrlehreremail, Fahrschulemail)
VALUES(14, 'Autobahn', 90, 30, 'schueler4@web.de', 'fahrlehrer3@web.de', 'fahrschule1@web.de');
INSERT INTO Fahrstunde(FahrstundeID, Typ, Dauer, Preis, Schueleremail, Fahrlehreremail, Fahrschulemail)
VALUES(15, 'Autobahn', 90, 30, 'schueler1@web.de', 'fahrlehrer4@web.de', 'fahrschule1@web.de');
INSERT INTO Fahrstunde(FahrstundeID, Typ, Dauer, Preis, Schueleremail, Fahrlehreremail, Fahrschulemail)
VALUES(16, 'Autobahn', 90, 30, 'schueler4@web.de', 'fahrlehrer1@web.de', 'fahrschule1@web.de');
INSERT INTO Fahrstunde(FahrstundeID, Typ, Dauer, Preis, Schueleremail, Fahrlehreremail, Fahrschulemail)
VALUES(17, 'Autobahn', 90, 30, 'schueler5@web.de', 'fahrlehrer1@web.de', 'fahrschule1@web.de');
INSERT INTO Fahrstunde(FahrstundeID, Typ, Dauer, Preis, Schueleremail, Fahrlehreremail, Fahrschulemail)
VALUES(18, 'Autobahn', 90, 30, 'schueler6@web.de', 'fahrlehrer1@web.de', 'fahrschule1@web.de');
INSERT INTO Fahrstunde(FahrstundeID, Typ, Dauer, Preis, Schueleremail, Fahrlehreremail, Fahrschulemail)
VALUES(19, 'Autobahn', 90, 30, 'schueler5@web.de', 'fahrlehrer1@web.de', 'fahrschule1@web.de');
INSERT INTO Fahrstunde(FahrstundeID, Typ, Dauer, Preis, Schueleremail, Fahrlehreremail, Fahrschulemail)
VALUES(20, 'Autobahn', 90, 30, 'schueler4@web.de', 'fahrlehrer1@web.de', 'fahrschule1@web.de');
INSERT INTO Fahrstunde(FahrstundeID, Typ, Dauer, Preis, Schueleremail, Fahrlehreremail, Fahrschulemail)
VALUES(21, 'Autobahn', 90, 30, 'schueler3@web.de', 'fahrlehrer1@web.de', 'fahrschule1@web.de');
INSERT INTO Fahrstunde(FahrstundeID, Typ, Dauer, Preis, Schueleremail, Fahrlehreremail, Fahrschulemail)
VALUES(22, 'Autobahn', 90, 30, 'schueler2@web.de', 'fahrlehrer1@web.de', 'fahrschule1@web.de');
INSERT INTO Fahrstunde(FahrstundeID, Typ, Dauer, Preis, Schueleremail, Fahrlehreremail, Fahrschulemail)
VALUES(23, 'Autobahn', 90, 30, 'schueler2@web.de', 'fahrlehrer3@web.de', 'fahrschule1@web.de');
INSERT INTO Fahrstunde(FahrstundeID, Typ, Dauer, Preis, Schueleremail, Fahrlehreremail, Fahrschulemail)
VALUES(24, 'Autobahn', 90, 30, 'schueler1@web.de', 'fahrlehrer2@web.de', 'fahrschule1@web.de');
INSERT INTO Fahrstunde(FahrstundeID, Typ, Dauer, Preis, Schueleremail, Fahrlehreremail, Fahrschulemail)
VALUES(25, 'Autobahn', 90, 30, 'schueler1@web.de', 'fahrlehrer7@web.de', 'fahrschule1@web.de');
INSERT INTO Fahrstunde(FahrstundeID, Typ, Dauer, Preis, Schueleremail, Fahrlehreremail, Fahrschulemail)
VALUES(26, 'Autobahn', 90, 30, 'schueler1@web.de', 'fahrlehrer7@web.de', 'fahrschule1@web.de');
INSERT INTO Fahrstunde(FahrstundeID, Typ, Dauer, Preis, Schueleremail, Fahrlehreremail, Fahrschulemail)
VALUES(27, 'Autobahn', 90, 30, 'schueler1@web.de', 'fahrlehrer7@web.de', 'fahrschule1@web.de');
INSERT INTO Fahrstunde(FahrstundeID, Typ, Dauer, Preis, Schueleremail, Fahrlehreremail, Fahrschulemail)
VALUES(28, 'Autobahn', 90, 30, 'schueler1@web.de', 'fahrlehrer7@web.de', 'fahrschule1@web.de');
INSERT INTO Fahrstunde(FahrstundeID, Typ, Dauer, Preis, Schueleremail, Fahrlehreremail, Fahrschulemail)
VALUES(29, 'Autobahn', 90, 30, 'schueler1@web.de', 'fahrlehrer2@web.de', 'fahrschule1@web.de');
INSERT INTO Fahrstunde(FahrstundeID, Typ, Dauer, Preis, Schueleremail, Fahrlehreremail, Fahrschulemail)
VALUES(30, 'Autobahn', 90, 30, 'schueler1@web.de', 'fahrlehrer7@web.de', 'fahrschule1@web.de');
INSERT INTO Fahrstunde(FahrstundeID, Typ, Dauer, Preis, Schueleremail, Fahrlehreremail, Fahrschulemail)
VALUES(31, 'Autobahn', 90, 30, 'schueler1@web.de', 'fahrlehrer1@web.de', 'fahrschule1@web.de');
INSERT INTO Fahrstunde(FahrstundeID, Typ, Dauer, Preis, Schueleremail, Fahrlehreremail, Fahrschulemail)
VALUES(32, 'Autobahn', 90, 30, 'schueler1@web.de', 'fahrlehrer1@web.de', 'fahrschule1@web.de');
INSERT INTO Fahrstunde(FahrstundeID, Typ, Dauer, Preis, Schueleremail, Fahrlehreremail, Fahrschulemail)
VALUES(33, 'Autobahn', 90, 30, 'schueler1@web.de', 'fahrlehrer1@web.de', 'fahrschule1@web.de');
INSERT INTO Fahrstunde(FahrstundeID, Typ, Dauer, Preis, Schueleremail, Fahrlehreremail, Fahrschulemail)
VALUES(34, 'Autobahn', 90, 30, 'schueler1@web.de', 'fahrlehrer1@web.de', 'fahrschule1@web.de');
INSERT INTO Fahrstunde(FahrstundeID, Typ, Dauer, Preis, Schueleremail, Fahrlehreremail, Fahrschulemail)
VALUES(35, 'Autobahn', 90, 30, 'schueler1@web.de', 'fahrlehrer1@web.de', 'fahrschule1@web.de');
INSERT INTO Fahrstunde(FahrstundeID, Typ, Dauer, Preis, Schueleremail, Fahrlehreremail, Fahrschulemail)
VALUES(36, 'Autobahn', 90, 30, 'schueler1@web.de', 'fahrlehrer1@web.de', 'fahrschule1@web.de');
INSERT INTO Fahrstunde(FahrstundeID, Typ, Dauer, Preis, Schueleremail, Fahrlehreremail, Fahrschulemail)
VALUES(37, 'Autobahn', 90, 30, 'schueler1@web.de', 'fahrlehrer1@web.de', 'fahrschule1@web.de');
INSERT INTO Fahrstunde(FahrstundeID, Typ, Dauer, Preis, Schueleremail, Fahrlehreremail, Fahrschulemail)
VALUES(38, 'Autobahn', 90, 30, 'schueler1@web.de', 'fahrlehrer1@web.de', 'fahrschule1@web.de');
INSERT INTO Fahrstunde(FahrstundeID, Typ, Dauer, Preis, Schueleremail, Fahrlehreremail, Fahrschulemail)
VALUES(39, 'Autobahn', 90, 30, 'schueler5@web.de', 'fahrlehrer1@web.de', 'fahrschule1@web.de');
INSERT INTO Fahrstunde(FahrstundeID, Typ, Dauer, Preis, Schueleremail, Fahrlehreremail, Fahrschulemail)
VALUES(40, 'Autobahn', 90, 30, 'schueler7@web.de', 'fahrlehrer1@web.de', 'fahrschule1@web.de');
INSERT INTO Fahrstunde(FahrstundeID, Typ, Dauer, Preis, Schueleremail, Fahrlehreremail, Fahrschulemail)
VALUES(41, 'Autobahn', 90, 30, 'schueler1@web.de', 'fahrlehrer1@web.de', 'fahrschule1@web.de');
INSERT INTO Fahrstunde(FahrstundeID, Typ, Dauer, Preis, Schueleremail, Fahrlehreremail, Fahrschulemail)
VALUES(42, 'Autobahn', 90, 30, 'schueler1@web.de', 'fahrlehrer1@web.de', 'fahrschule1@web.de');
INSERT INTO Fahrstunde(FahrstundeID, Typ, Dauer, Preis, Schueleremail, Fahrlehreremail, Fahrschulemail)
VALUES(43, 'Autobahn', 90, 30, 'schueler1@web.de', 'fahrlehrer1@web.de', 'fahrschule1@web.de');
INSERT INTO Fahrstunde(FahrstundeID, Typ, Dauer, Preis, Schueleremail, Fahrlehreremail, Fahrschulemail)
VALUES(44, 'Autobahn', 90, 30, 'schueler1@web.de', 'fahrlehrer1@web.de', 'fahrschule1@web.de');
INSERT INTO Fahrstunde(FahrstundeID, Typ, Dauer, Preis, Schueleremail, Fahrlehreremail, Fahrschulemail)
VALUES(45, 'Autobahn', 90, 30, 'schueler1@web.de', 'fahrlehrer1@web.de', 'fahrschule1@web.de');
INSERT INTO Fahrstunde(FahrstundeID, Typ, Dauer, Preis, Schueleremail, Fahrlehreremail, Fahrschulemail)
VALUES(46, 'Autobahn', 90, 30, 'schueler2@web.de', 'fahrlehrer2@web.de', 'fahrschule2@web.de');
INSERT INTO Fahrstunde(FahrstundeID, Typ, Dauer, Preis, Schueleremail, Fahrlehreremail, Fahrschulemail)
VALUES(47, 'Autobahn', 90, 30, 'schueler7@web.de', 'fahrlehrer2@web.de', 'fahrschule2@web.de');
INSERT INTO Fahrstunde(FahrstundeID, Typ, Dauer, Preis, Schueleremail, Fahrlehreremail, Fahrschulemail)
VALUES(48, 'Autobahn', 90, 30, 'schueler3@web.de', 'fahrlehrer2@web.de', 'fahrschule2@web.de');
INSERT INTO Fahrstunde(FahrstundeID, Typ, Dauer, Preis, Schueleremail, Fahrlehreremail, Fahrschulemail)
VALUES(49, 'Autobahn', 90, 30, 'schueler2@web.de', 'fahrlehrer2@web.de', 'fahrschule2@web.de');
INSERT INTO Fahrstunde(FahrstundeID, Typ, Dauer, Preis, Schueleremail, Fahrlehreremail, Fahrschulemail)
VALUES(50, 'Autobahn', 90, 30, 'schueler2@web.de', 'fahrlehrer2@web.de', 'fahrschule2@web.de');
INSERT INTO Fahrstunde(FahrstundeID, Typ, Dauer, Preis, Schueleremail, Fahrlehreremail, Fahrschulemail)
VALUES(51, 'Autobahn', 90, 30, 'schueler1@web.de', 'fahrlehrer2@web.de', 'fahrschule2@web.de');
INSERT INTO Fahrstunde(FahrstundeID, Typ, Dauer, Preis, Schueleremail, Fahrlehreremail, Fahrschulemail)
VALUES(52, 'City', 90, 30, 'schueler1@web.de', 'fahrlehrer2@web.de', 'fahrschule2@web.de');
INSERT INTO Fahrstunde(FahrstundeID, Typ, Dauer, Preis, Schueleremail, Fahrlehreremail, Fahrschulemail)
VALUES(53, 'City', 90, 30, 'schueler1@web.de', 'fahrlehrer2@web.de', 'fahrschule2@web.de');
INSERT INTO Fahrstunde(FahrstundeID, Typ, Dauer, Preis, Schueleremail, Fahrlehreremail, Fahrschulemail)
VALUES(54, 'City', 90, 30, 'schueler1@web.de', 'fahrlehrer2@web.de', 'fahrschule2@web.de');
INSERT INTO Fahrstunde(FahrstundeID, Typ, Dauer, Preis, Schueleremail, Fahrlehreremail, Fahrschulemail)
VALUES(55, 'Einbahnstrasse', 90, 30, 'schueler1@web.de', 'fahrlehrer2@web.de', 'fahrschule2@web.de');
INSERT INTO Fahrstunde(FahrstundeID, Typ, Dauer, Preis, Schueleremail, Fahrlehreremail, Fahrschulemail)
VALUES(56, 'City', 90, 30, 'schueler2@web.de', 'fahrlehrer2@web.de', 'fahrschule2@web.de');
INSERT INTO Fahrstunde(FahrstundeID, Typ, Dauer, Preis, Schueleremail, Fahrlehreremail, Fahrschulemail)
VALUES(57, 'City', 90, 30, 'schueler1@web.de', 'fahrlehrer2@web.de', 'fahrschule2@web.de');
INSERT INTO Fahrstunde(FahrstundeID, Typ, Dauer, Preis, Schueleremail, Fahrlehreremail, Fahrschulemail)
VALUES(58, 'City', 90, 30, 'schueler1@web.de', 'fahrlehrer2@web.de', 'fahrschule2@web.de');
INSERT INTO Fahrstunde(FahrstundeID, Typ, Dauer, Preis, Schueleremail, Fahrlehreremail, Fahrschulemail)
VALUES(59, 'City', 90, 30, 'schueler1@web.de', 'fahrlehrer2@web.de', 'fahrschule2@web.de');
INSERT INTO Fahrstunde(FahrstundeID, Typ, Dauer, Preis, Schueleremail, Fahrlehreremail, Fahrschulemail)
VALUES(60, 'City', 90, 30, 'schueler1@web.de', 'fahrlehrer2@web.de', 'fahrschule2@web.de');
INSERT INTO Fahrstunde(FahrstundeID, Typ, Dauer, Preis, Schueleremail, Fahrlehreremail, Fahrschulemail)
VALUES(61, 'City', 90, 30, 'schueler1@web.de', 'fahrlehrer1@web.de', 'fahrschule2@web.de');
INSERT INTO Fahrstunde(FahrstundeID, Typ, Dauer, Preis, Schueleremail, Fahrlehreremail, Fahrschulemail)
VALUES(62, 'City', 90, 30, 'schueler1@web.de', 'fahrlehrer3@web.de', 'fahrschule2@web.de');
INSERT INTO Fahrstunde(FahrstundeID, Typ, Dauer, Preis, Schueleremail, Fahrlehreremail, Fahrschulemail)
VALUES(63, 'City', 90, 30, 'schueler1@web.de', 'fahrlehrer1@web.de', 'fahrschule2@web.de');
INSERT INTO Fahrstunde(FahrstundeID, Typ, Dauer, Preis, Schueleremail, Fahrlehreremail, Fahrschulemail)
VALUES(64, 'City', 90, 30, 'schueler1@web.de', 'fahrlehrer1@web.de', 'fahrschule2@web.de');
INSERT INTO Fahrstunde(FahrstundeID, Typ, Dauer, Preis, Schueleremail, Fahrlehreremail, Fahrschulemail)
VALUES(65, 'City', 90, 30, 'schueler1@web.de', 'fahrlehrer1@web.de', 'fahrschule2@web.de');
INSERT INTO Fahrstunde(FahrstundeID, Typ, Dauer, Preis, Schueleremail, Fahrlehreremail, Fahrschulemail)
VALUES(66, 'City', 90, 30, 'schueler1@web.de', 'fahrlehrer1@web.de', 'fahrschule2@web.de');
INSERT INTO Fahrstunde(FahrstundeID, Typ, Dauer, Preis, Schueleremail, Fahrlehreremail, Fahrschulemail)
VALUES(67, 'City', 90, 30, 'schueler1@web.de', 'fahrlehrer1@web.de', 'fahrschule2@web.de');
INSERT INTO Fahrstunde(FahrstundeID, Typ, Dauer, Preis, Schueleremail, Fahrlehreremail, Fahrschulemail)
VALUES(68, 'City', 90, 30, 'schueler1@web.de', 'fahrlehrer1@web.de', 'fahrschule2@web.de');
INSERT INTO Fahrstunde(FahrstundeID, Typ, Dauer, Preis, Schueleremail, Fahrlehreremail, Fahrschulemail)
VALUES(69, 'Autobahn', 90, 30, 'schueler1@web.de', 'fahrlehrer1@web.de', 'fahrschule2@web.de');
INSERT INTO Fahrstunde(FahrstundeID, Typ, Dauer, Preis, Schueleremail, Fahrlehreremail, Fahrschulemail)
VALUES(70, 'City', 90, 30, 'schueler1@web.de', 'fahrlehrer1@web.de', 'fahrschule2@web.de');




INSERT INTO Theoriestunde(TheoriestundeID, Thema, Dauer, Verpflichtend, Email)
VALUES(1, 'Schilder', 90, 1, 'fahrschule1@web.de');
INSERT INTO Theoriestunde(TheoriestundeID, Thema, Dauer, Verpflichtend, Email)
VALUES(2, 'Vorfahrt', 90, 1, 'fahrschule2@web.de');
INSERT INTO Theoriestunde(TheoriestundeID, Thema, Dauer, Verpflichtend, Email)
VALUES(3, 'Bremsweg', 45, 1, 'fahrschule3@web.de');
INSERT INTO Theoriestunde(TheoriestundeID, Thema, Dauer, Verpflichtend, Email)
VALUES(4, 'Ueberholen', 45, 1, 'fahrschule3@web.de');
INSERT INTO Theoriestunde(TheoriestundeID, Thema, Dauer, Verpflichtend, Email)
VALUES(5, 'Kreuzung', 45, 0, 'fahrschule3@web.de');
INSERT INTO Theoriestunde(TheoriestundeID, Thema, Dauer, Verpflichtend, Email)
VALUES(6, 'Kreuzung', 45, 0, 'fahrschule3@web.de');
INSERT INTO Theoriestunde(TheoriestundeID, Thema, Dauer, Verpflichtend, Email)
VALUES(7, 'Vorfahrt', 45, 1, 'fahrschule3@web.de');
INSERT INTO Theoriestunde(TheoriestundeID, Thema, Dauer, Verpflichtend, Email)
VALUES(8, 'Zebrastreifen', 45, 0, 'fahrschule3@web.de');
INSERT INTO Theoriestunde(TheoriestundeID, Thema, Dauer, Verpflichtend, Email)
VALUES(9, 'Bremsweg', 45, 1, 'fahrschule3@web.de');




INSERT INTO Fahrzeug(Kennzeichen, HUDatum, Erstzulassungsdatum, Email, Fahrzeugklasse_Bezeichnung)
VALUES('NE-0101', '2001-01-01', '2001-01-01 11:11:11', 'fahrschule1@web.de', 'A1');
INSERT INTO Fahrzeug(Kennzeichen, HUDatum, Erstzulassungsdatum, Email, Fahrzeugklasse_Bezeichnung)
VALUES('NE-0202', '2002-02-02', '2002-02-02 22:22:22', 'fahrschule2@web.de', 'A1');
INSERT INTO Fahrzeug(Kennzeichen, HUDatum, Erstzulassungsdatum, Email, Fahrzeugklasse_Bezeichnung)
VALUES('NE-0303', '2003-03-03', '2003-03-03 23:23:23', 'fahrschule3@web.de', 'A2');





INSERT INTO nehmen_teil(Email, TheoriestundeID)
VALUES('schueler1@web.de', 1);
INSERT INTO nehmen_teil(Email, TheoriestundeID)
VALUES('schueler2@web.de', 2);
INSERT INTO nehmen_teil(Email, TheoriestundeID)
VALUES('schueler2@web.de', 7);
INSERT INTO nehmen_teil(Email, TheoriestundeID)
VALUES('schueler4@web.de', 1);
INSERT INTO nehmen_teil(Email, TheoriestundeID)
VALUES('schueler4@web.de', 2);
INSERT INTO nehmen_teil(Email, TheoriestundeID)
VALUES('schueler4@web.de', 3);
INSERT INTO nehmen_teil(Email, TheoriestundeID)
VALUES('schueler1@web.de', 2);
INSERT INTO nehmen_teil(Email, TheoriestundeID)
VALUES('schueler1@web.de', 3);
INSERT INTO nehmen_teil(Email, TheoriestundeID)
VALUES('schueler1@web.de', 7);
INSERT INTO nehmen_teil(Email, TheoriestundeID)
VALUES('schueler2@web.de', 3);
INSERT INTO nehmen_teil(Email, TheoriestundeID)
VALUES('schueler2@web.de', 4);
INSERT INTO nehmen_teil(Email, TheoriestundeID)
VALUES('schueler2@web.de', 5);
INSERT INTO nehmen_teil(Email, TheoriestundeID)
VALUES('schueler2@web.de', 6);
INSERT INTO nehmen_teil(Email, TheoriestundeID)
VALUES('schueler4@web.de', 4);
INSERT INTO nehmen_teil(Email, TheoriestundeID)
VALUES('schueler4@web.de', 5);
INSERT INTO nehmen_teil(Email, TheoriestundeID)
VALUES('schueler4@web.de', 6);
INSERT INTO nehmen_teil(Email, TheoriestundeID)
VALUES('schueler4@web.de', 7);




INSERT INTO Pruefung(PruefungsID, Theorie, Gebuehr, Bestanden, Email)
VALUES(1, 0, 15.5, 1, 'schueler1@web.de');
INSERT INTO Pruefung(PruefungsID, Theorie, Gebuehr, Bestanden, Email)
VALUES(2, 0, 15.5, 0, 'schueler2@web.de');
INSERT INTO Pruefung(PruefungsID, Theorie, Gebuehr, Bestanden, Email)
VALUES(3, 0, 15.5, 1, 'schueler4@web.de');
--INSERT INTO Pruefung(PruefungsID, Theorie, Gebuehr, Bestanden, Email)
--VALUES(4, 0, 15.5, 1, 'schueler6@web.de'); <--- Der sorgt fuer "nicht genug Fahrstundenminuten
--INSERT INTO Pruefung(PruefungsID, Theorie, Gebuehr, Bestanden, Email)
--VALUES(5, 1, 10, 1, 'schueler6@web.de');   <--- Der sorgt fuer "Nicht genug verschiedene verpflichtende Theoriethemen"
INSERT INTO Pruefung(PruefungsID, Theorie, Gebuehr, Bestanden, Email)
VALUES(4, 1, 10, 1, 'schueler1@web.de');
INSERT INTO Pruefung(PruefungsID, Theorie, Gebuehr, Bestanden, Email)
VALUES(5, 1, 10, 0, 'schueler2@web.de');




INSERT INTO zugelassen_fuer(FuehrerscheinID, Fahrzeugklasse_Bezeichnung)
VALUES(1, 'A1');
INSERT INTO zugelassen_fuer(FuehrerscheinID, Fahrzeugklasse_Bezeichnung)
VALUES(2, 'A2');
INSERT INTO zugelassen_fuer(FuehrerscheinID, Fahrzeugklasse_Bezeichnung)
VALUES(3, 'A2');













